{
  "builder_name": "arrow",
  "citation": "",
  "config_name": "default",
  "dataset_name": "bookcorpus",
  "dataset_size": 4835329162,
  "description": "",
  "download_checksums": {
    "hf://datasets/SamuelYang/bookcorpus@d22ef67bb6bc5b5d92b64573823ffc65e3f7d5fe/bookcorpus-train.arrow": {
      "num_bytes": 4836598736,
      "checksum": null
    }
  },
  "download_size": 4836598736,
  "features": {
    "text": {
      "dtype": "string",
      "_type": "Value"
    }
  },
  "homepage": "",
  "license": "",
  "size_in_bytes": 9671927898,
  "splits": {
    "train": {
      "name": "train",
      "num_bytes": 4835329162,
      "num_examples": 74004228,
      "shard_lengths": [
        7230000,
        7610000,
        7180000,
        8080000,
        7810000,
        7770000,
        7690000,
        7560000,
        7780000,
        5294228
      ],
      "dataset_name": "bookcorpus"
    }
  },
  "version": {
    "version_str": "0.0.0",
    "major": 0,
    "minor": 0,
    "patch": 0
  }
}